500-20 ,"MULTA, POR NAO IDENTIFICACAO DO CONDUTOR INFRATOR, IMPOSTA A PESSOA JURIDICA "
501-00 ,DIRIGIR VEICULO SEM POSSUIR CNH OU PERMISSAO PARA DIRIGIR 
502-91 ,DIRIGIR VEICULO COM CNH CASSADA 
502-92 ,DIRIGIR VEICULO COM PERMISSAO PARA DIRIGIR CASSADA 
502-93 ,DIRIGIR VEICULO COM CNH OU PPD COM SUSPENSAO DO DIREITO DE DIRIGIR 
503-71 ,DIRIGIR VEICULO COM CNH DE CATEGORIA DIFERENTE DA DO VEICULO 
503-72 ,DIRIGIR VEICULO COM PPD DE CATEGORIA DIFERENTE DA DO VEICULO 
504-50 ,DIRIGIR VEICULO COM VALIDADE DA CNH OU PPD VENCIDA HA MAIS DE 30 DIAS 
505-31 ,DIRIGIR VEICULO SEM USAR LENTES CORRETORAS DE VISAO 
505-32 ,DIRIGIR VEICULO SEM USAR APARELHO AUXILIAR DE AUDICAO 
505-33 ,DIRIGIR VEICULO SEM USAR APARELHO AUXILIAR DE PROTESE FISICA 
505-34 ,DIRIGIR VEICULO S/ ADAPTACOES IMPOSTAS NA CONCESSAO/RENOVACAO LICENCA CONDUZIR 
506-10 ,ENTREGAR VEICULO A PESSOA SEM CNH OU PERMISSAO PARA DIRIGIR 
507-01 ,ENTREGAR VEICULO A PESSOA COM CNH CASSADA 
507-02 ,ENTREGAR VEICULO A PESSOA COM PERMISSAO PARA DIRIGIR CASSADA 
507-03 ,ENTREGAR VEICULO A PESSOA COM CNH OU PPD COM SUSPENSAO DO DIREITO DE DIRIGIR 
508-81 ,ENTREGAR VEICULO A PESSOA COM CNH DE CATEGORIA DIFERENTE DA DO VEICULO 
508-82 ,ENTREGAR VEICULO A PESSOA COM PPD DE CATEGORIA DIFERENTE DA DO VEICULO 
509-60 ,ENTREGAR VEICULO A PESSOA COM CNH VENCIDA HA MAIS DE 30 DIAS 
510-01 ,ENTREGAR O VEICULO A PESSOA SEM USAR LENTES CORRETORAS DE VISAO 
510-02 ,ENTREGAR O VEICULO A PESSOA SEM USAR APARELHO AUXILIAR DE AUDICAO 
510-03 ,ENTREGAR O VEICULO A PESSOA SEM APARELHO DE PROTESE FISICA 
510-04 ,ENTREGAR VEIC PESSOA S/ ADAPTACOES IMPOSTAS CONCESSAO/RENOVACAO LICENCA CONDUZIR 
511-80 ,PERMITIR POSSE/CONDUCAO DO VEICULO A PESSOA SEM CNH OU PPD 
512-61 ,PERMITIR POSSE/CONDUCAO DO VEICULO A PESSOA COM CNH CASSADA 
512-62 ,PERMITIR POSSE/CONDUCAO DO VEICULO A PESSOA COM PPD CASSADA 
512-63 ,PERMITIR POSSE/CONDUCAO VEIC PESSOA COM CNH/PPD C/ SUSPENSAO DIREITO DE DIRIGIR 
513-41 ,PERMITIR POSSE/CONDUCAO VEIC A PESSOA COM CNH CATEGORIA DIFERENTE DA DO VEICULO 
513-42 ,PERMITIR POSSE/CONDUCAO VEIC A PESSOA COM PPD CATEGORIA DIFERENTE DA DO VEICULO 
514-20 ,PERMITIR POSSE/CONDUCAO DO VEICULO A PESSOA COM CNH VENCIDA HA MAIS DE 30 DIAS 
515-01 ,PERMITIR POSSE/CONDUCAO DO VEICULO A PESSOA SEM USAR LENTES CORRETORAS DE VISAO 
515-02 ,PERMITIR POSSE/CONDUCAO DO VEICULO A PESSOA S/ USAR APARELHO AUXILIAR DE AUDICAO 
515-03 ,PERMITIR POSSE/CONDUCAO DO VEICULO A PESSOA SEM USAR APARELHO DE PROTESE FISICA 
515-04 ,PERMITIR POSSE/COND VEIC S/ ADAPTACOES IMPOSTAS CONCESSAO/RENOVACAO LICENCA COND 
516-91 ,DIRIGIR SOB A INFLUENCIA DE ALCOOL 
516-92 ,DIRIGIR SOB INFLUENCIA SUBST ENTORPECENTE OU Q DETERMINE DEPEND FISICA/PSIQUICA 
517-70 ,CONFIAR/ENTREGAR VEIC PESS C/ ESTADO FISICO/PSIQUICO S/ CONDICOES DIRIGIR SEGUR 
518-51 ,DEIXAR O CONDUTOR DE USAR O CINTO SEGURANCA 
518-52 ,DEIXAR O PASSAGEIRO DE USAR O CINTO SEGURANCA 
519-30 ,TRANSPORTAR CRIANCA SEM OBSERVANCIA DAS NORMAS DE SEGURANCA ESTABELECIDAS P/ CTB 
520-70 ,DIRIGIR SEM ATENCAO OU SEM OS CUIDADOS INDISPENSAVEIS A SEGURANCA 
521-51 ,DIRIGIR AMEACANDO OS PEDESTRES QUE ESTEJAM ATRAVESSANDO A VIA PUBLICA 
521-52 ,DIRIGIR AMEACANDO OS DEMAIS VEICULOS 
522-31 ,USAR VEICULO PARA ARREMESSAR SOBRE OS PEDESTRES AGUA OU DETRITOS 
522-32 ,USAR VEICULO PARA ARREMESSAR SOBRE OS VEICULOS AGUA OU DETRITOS 
523-11 ,ATIRAR DO VEICULO OBJETOS OU SUBSTANCIAS 
523-12 ,ABANDONAR NA VIA OBJETOS OU SUBSTANCIAS 
524-00 ,DISPUTAR CORRIDA POR ESPIRITO DE EMULACAO 
525-81 ,PROMOVER NA VIA COMPETICAO ESPORTIVA SEM PERMISSAO 
525-82 ,PROMOVER NA VIA EVENTOS ORGANIZADOS SEM PERMISSAO 
525-83 ,PROMOVER NA VIA EXIBICAO E DEMONSTRACAO DE PERICIA EM MANOBRA DE VEICULO 
526-61 ,"PARTICIPAR NA VIA COMO CONDUTOR EM COMPETICAO ESPORTIVA, SEM PERMISSAO "
526-62 ,"PARTICIPAR NA VIA COMO CONDUTOR EM EVENTO ORGANIZADO, SEM PERMISSAO "
526-63 ,"PARTICIPAR COMO CONDUTOR EXIB/DEMONST PERICIA EM MANOBRA DE VEIC, S/ PERMISSAO "
527-41 ,UTILIZAR-SE DE VEICULO PARA DEMONSTRAR OU EXIBIR MANOBRA PERIGOSA 
527-42 ,UTILIZAR-SE DE VEICULO PARA DEMONSTRAR OU EXIBIR ARRANCADA BRUSCA 
527-43 ,UTILIZAR-SE DE VEICULO PARA DEMONSTRAR OU EXIBIR DERRAPAGEM OU FRENAGEM 
528-20 ,"DEIXAR O COND ENVOLVIDO EM ACIDENTE, DE PRESTAR OU PROVIDENCIAR SOCORRO A VITIMA "
529-00 ,"DEIXAR O COND ENVOLVIDO EM ACID, DE ADOTAR PROVID P/ EVITAR PERIGO P/O TRANSITO "
530-40 ,"DEIXAR O COND ENVOLVIDO EM ACIDENTE, DE PRESERVAR LOCAL P/ TRAB POLICIA/PERICIA "
531-20 ,"DEIXAR O COND ENVOLVIDO EM ACID, DE REMOVER O VEIC LOCAL QDO DETERM POLIC/AGENTE "
532-00 ,"DEIXAR O COND ENVOLVIDO EM ACID, DE IDENTIFICAR-SE POLICIAL E PRESTAR INF P/O BO "
533-90 ,"DEIXAR O COND DE PRESTAR SOCORRO VITIMA ACID DE TRANSITO, QDO SOLICIT P/ AGENTE "
534-70 ,"DEIXAR O CONDUTOR ENVOLVIDO EM ACIDENTE S/ VITIMA, DE REMOVER O VEICULO DO LOCAL "
535-50 ,"FAZER OU DEIXAR QUE SE FACA REPARO EM VEIC, EM RODOVIA E VIA DE TRANSITO RAPIDO "
536-30 ,FAZER/DEIXAR QUE SE FACA REPARO EM VEIC NAS VIAS (Q NAO RODOVIA/TRANSITO RAPIDO) 
537-10 ,TER SEU VEICULO IMOBILIZADO NA VIA POR FALTA DE COMBUSTIVEL 
538-00 ,ESTACIONAR NAS ESQUINAS E A MENOS DE 5M DO ALINHAMENTO DA VIA TRANSVERSAL 
539-80 ,ESTACIONAR AFASTADO DA GUIA DA CALCADA (MEIO-FIO) DE 50CM A 1M 
540-10 ,ESTACIONAR AFASTADO DA GUIA DA CALCADA (MEIO-FIO) A MAIS DE 1M 
541-00 ,ESTACIONAR EM DESACORDO COM AS POSICOES ESTABELECIDAS NO CTB 
542-81 ,ESTACIONAR NA PISTA DE ROLAMENTO DAS ESTRADAS 
542-82 ,ESTACIONAR NA PISTA DE ROLAMENTO DAS RODOVIAS 
542-83 ,ESTACIONAR NA PISTA DE ROLAMENTO DAS VIAS DE TRANSITO RAPIDO 
542-84 ,ESTACIONAR NA PISTA DE ROLAMENTO DAS VIAS DOTADAS DE ACOSTAMENTO 
543-60 ,"ESTACIONAR JUNTO/SOBRE HIDR DE INCENDIO, REG DE AGUA/TAMPA DE POCO VISIT GAL SUB "
544-40 ,ESTACIONAR NOS ACOSTAMENTOS 
545-21 ,ESTACIONAR NO PASSEIO 
545-22 ,ESTACIONAR SOBRE FAIXA DESTINADA A PEDESTRE 
545-23 ,ESTACIONAR SOBRE CICLOVIA OU CICLOFAIXA 
545-24 ,ESTACIONAR NAS ILHAS OU REFUGIOS 
545-25 ,ESTACIONAR AO LADO OU SOBRE CANTEIRO CENTRAL 
545-26 ,ESTACIONAR AO LADO/SOBRE DIVISORES DE PISTA DE ROLAMENTO/MARCAS DE CANALIZACAO 
545-27 ,ESTACIONAR AO LADO OU SOBRE GRAMADO OU JARDIM PUBLICO 
546-00 ,ESTACIONAR EM GUIA DE CALCADA REBAIXADA DESTINADA A ENTRADA/SAIDA DE VEICULOS 
547-90 ,ESTACIONAR IMPEDINDO A MOVIMENTACAO DE OUTRO VEICULO 
548-70 ,ESTACIONAR AO LADO DE OUTRO VEICULO EM FILA DUPLA 
549-50 ,ESTACIONAR NA AREA DE CRUZAMENTO DE VIAS 
550-90 ,ESTACIONAR NO PONTO DE EMBARQUE/DESEMBARQUE DE PASSAGEIROS TRANSPORTE COLETIVO 
551-71 ,ESTACIONAR NOS VIADUTOS 
551-72 ,ESTACIONAR NAS PONTES 
551-73 ,ESTACIONAR NOS TUNEIS 
552-50 ,ESTACIONAR NA CONTRAMAO DE DIRECAO 
553-30 ,"ESTACIONAR ACLIVE/DECLIVE N FREADO E SEM CALCO SEGURANCA, PBT SUPERIOR A 3500KG "
554-11 ,ESTACIONAR EM DESACORDO COM A REGULAMENTACAO ESPECIFICADA PELA SINALIZACAO 
554-12 ,ESTACIONAR EM DESACORDO COM A REGULAMENTACAO - ESTACIONAMENTO ROTATIVO 
554-13 ,ESTACIONAR EM DESACORDO COM A REGULAMENTACAO - PONTO OU VAGA DE TAXI 
554-14 ,ESTACIONAR EM DESACORDO COM A REGULAMENTACAO - VAGA DE CARGA/DESCARGA 
554-15 ,ESTACIONAR EM DESACORDO COM A REGULAMENTACAO - VAGA PORTADOR NECESSID ESPECIAIS 
554-16 ,ESTACIONAR EM DESACORDO COM A REGULAMENTACAO - VAGA IDOSO 
555-00 ,ESTACIONAR EM LOCAL/HORARIO PROIBIDO ESPECIFICAMENTE PELA SINALIZACAO 
556-80 ,ESTACIONAR LOCAL/HORARIO DE ESTACIONAMENTO E PARADA PROIBIDOS PELA SINALIZACAO 
557-60 ,PARAR NAS ESQUINAS E A MENOS 5M DO BORDO DO ALINHAMENTO DA VIA TRANSVERSAL 
558-40 ,PARAR AFASTADO DA GUIA DA CALCADA (MEIO-FIO) DE 50CM A 1M 
559-20 ,PARAR AFASTADO DA GUIA DA CALCADA (MEIO-FIO) A MAIS DE 1M 
560-60 ,PARAR EM DESACORDO COM AS POSICOES ESTABELECIDAS NO CTB 
561-41 ,PARAR NA PISTA DE ROLAMENTO DAS ESTRADAS 
561-42 ,PARAR NA PISTA DE ROLAMENTO DAS RODOVIAS 
561-43 ,PARAR NA PISTA DE ROLAMENTO DAS VIAS DE TRANSITO RAPIDO 
561-44 ,PARAR NA PISTA DE ROLAMENTO DAS DEMAIS VIAS DOTADAS ACOSTAMENTO 
562-21 ,PARAR NO PASSEIO/CALCADA 
562-22 ,PARAR SOBRE FAIXA DESTINADA A PEDESTRES 
562-23 ,PARAR NAS ILHAS OU REFUGIOS 
562-24 ,PARAR NOS CANTEIROS CENTRAIS 
562-25 ,PARAR NOS DIVISORES DE PISTA DE ROLAMENTO E MARCAS DE CANALIZACAO 
563-00 ,PARAR NA AREA DE CRUZAMENTO DE VIAS 
564-91 ,PARAR NOS VIADUTOS 
564-92 ,PARAR NAS PONTES 
564-93 ,PARAR NOS TUNEIS 
565-70 ,PARAR NA CONTRAMAO DE DIRECAO 
566-50 ,PARAR EM LOCAL/HORARIO PROIBIDOS ESPECIFICAMENTE PELA SINALIZACAO 
567-31 ,PARAR SOBRE FAIXA DE PEDESTRES NA MUDANCA DE SINAL LUMINOSO 
567-32 ,PARAR SOBRE FAIXA PEDESTRES NA MUDANCA SINAL (FISC.ELETR.) 
568-10 ,TRANSITAR NA FAIXA/PISTA DA DIREITA REGUL CIRCULACAO EXCLUSIVA DETERM VEICULO 
569-00 ,TRANSITAR NA FAIXA/PISTA DA ESQUERDA REGUL CIRCULACAO EXCLUSIVA DETERM VEICULO 
570-30 ,DEIXAR DE CONSERVAR O VEICULO NA FAIXA A ELE DESTINADA PELA SINALIZACAO DE REGUL 
571-10 ,DEIXAR DE CONSERVAR NAS FAIXAS DA DIREITA O VEICULO LENTO E DE MAIOR PORTE 
572-00 ,TRANSITAR PELA CONTRAMAO DE DIRECAO EM VIA COM DUPLO SENTIDO DE CIRCULACAO 
573-80 ,TRANSITAR PELA CONTRAMAO DE DIRECAO EM VIA C/ SINALIZACAO DE REGUL SENTIDO UNICO 
574-61 ,TRANSITAR EM LOCAL/HORARIO NAO PERMITIDO PELA REGUL ESTABELECIDA PELA AUTORIDADE 
574-62 ,TRANSITAR EM LOCAL/HORARIO NAO PERMITIDO PELA REGULAMENTACAO - RODIZIO 
574-63 ,TRANSITAR EM LOCAL/HORARIO NAO PERMITIDO PELA REGULAMENTACAO - VEICULO DE CARGA 
576-20 ,"TRANSITAR AO LADO DE OUTRO VEICULO, INTERROMPENDO OU PERTURBANDO O TRANSITO "
577-01 ,DEIXAR DE DAR PASSAGEM A VEIC PRECEDIDO DE BATEDORES DEVIDAMENTE IDENTIFICADOS 
577-02 ,DEIXAR DE DAR PASSAGEM A VEIC SOCORRO INCENDIO/SALV SERV URGENCIA DEVID IDENTIF 
577-03 ,DEIXAR DE DAR PASSAGEM A VEIC DE POLICIA EM SERVICO DE URGENCIA DEVID IDENTIF 
577-04 ,DEIXAR DE DAR PASSAGEM A VEIC DE OPERACAO E FISCALIZACAO DE TRANSITO DEVID IDENT 
577-05 ,DEIXAR DE DAR PASSAGEM A AMBULANCIA EM SERVICO DE URGENCIA DEVID IDENTIFICADA 
578-90 ,SEGUIR VEICULO EM SERV URGENCIA DEVID IDENTIFIC P/ ALARME SONORO/ILUM VERMELHA 
579-70 ,FORCAR PASSAGEM ENTRE VEICS TRANSIT SENTIDOS OPOST AO REALIZAR OP ULTRAPASSAGEM 
580-00 ,DEIXAR GUARDAR DIST SEGURANCA LAT/FRONT ENTRE SEU VEIC E DEMAIS E AO BORDO PISTA 
581-91 ,"TRANSITAR COM O VEICULO EM CALCADAS, PASSEIOS "
581-92 ,"TRANSITAR COM O VEICULO EM CICLOVIAS, CICLOFAIXAS "
581-93 ,"TRANSITAR COM O VEICULO EM AJARDINAMENTOS, GRAMADOS, JARDINS PUBLICOS "
581-94 ,TRANSITAR COM O VEICULO EM CANTEIROS CENTRAIS 
581-95 ,"TRANSITAR COM O VEICULO EM ILHAS, REFUGIOS "
581-96 ,"TRANSITAR COM O VEICULO EM DIVISORES DE PISTA DE ROLAMENTO, MARCAS DE CANALIZ. "
581-97 ,TRANSITAR COM O VEICULO EM ACOSTAMENTOS 
581-98 ,TRANSITAR COM O VEICULO EM PASSARELAS 
582-70 ,"TRANSITAR EM MARCHA RE, SALVO NA DISTANCIA NECESSARIA A PEQUENAS MANOBRAS "
583-50 ,DESOBEDECER AS ORDENS EMANADAS DA AUTORID COMPET DE TRANSITO OU DE SEUS AGENTES 
584-31 ,"DEIXAR DE INDICAR C/ ANTEC, MED GESTO DE BRACO/LUZ INDICADORA, INICIO DA MARCHA "
584-32 ,"DEIXAR DE INDICAR C/ ANTEC, MED GESTO DE BRACO/LUZ INDICADORA, MANOBRA DE PARAR "
584-33 ,"DEIXAR DE INDICAR C/ ANTEC, MED GESTO DE BRACO/LUZ INDICADORA, MUDANCA DIRECAO "
584-34 ,"DEIXAR DE INDICAR C/ ANTEC, MED GESTO DE BRACO/LUZ INDICADORA, MUDANCA DE FAIXA "
585-11 ,DEIXAR DE DESLOCAR C/ANTECEDENCIA VEIC P/ FAIXA MAIS A ESQUERDA QDO FOR MANOBRAR 
585-12 ,DEIXAR DE DESLOCAR C/ANTECEDENCIA VEIC P/ FAIXA MAIS A DIREITA QDO FOR MANOBRAR 
586-00 ,DEIXAR DE DAR PASSAGEM PELA ESQUERDA QUANDO SOLICITADO 
587-80 ,"ULTRAPASSAR PELA DIREITA, SALVO QDO VEIC DA FRENTE DER SINAL P/ ENTRAR ESQUERDA "
588-60 ,ULTRAP PELA DIREITA VEIC DE TRANSP COLETIVO PARADO PARA EMB/DESEMB PASSAGEIROS 
589-40 ,"DEIXAR DE GUARDAR A DISTANCIA LATERAL DE 1,50M AO PASSAR/ULTRAPASSAR BICICLETA "
590-80 ,ULTRAPASSAR PELO ACOSTAMENTO 
591-61 ,ULTRAPASSAR EM INTERSECOES 
591-62 ,ULTRAPASSAR EM PASSAGEM DE NIVEL 
592-41 ,ULTRAPASSAR PELA CONTRAMAO NAS CURVAS SEM VISIBILIDADE SUFICIENTE 
592-42 ,"ULTRAPASSAR PELA CONTRAMAO NOS ACLIVES OU DECLIVES, SEM VISIBILIDADE SUFICIENTE "
593-20 ,ULTRAPASSAR PELA CONTRAMAO NAS FAIXAS DE PEDESTRE 
594-01 ,ULTRAPASSAR PELA CONTRAMAO NAS PONTES 
594-02 ,ULTRAPASSAR PELA CONTRAMAO NOS VIADUTOS 
594-03 ,ULTRAPASSAR PELA CONTRAMAO NOS TUNEIS 
595-91 ,ULTRAPASSAR PELA CONTRAMAO VEICULO PARADO EM FILA JUNTO SINAL LUMINOSO 
595-92 ,ULTRAPASSAR PELA CONTRAMAO VEICULO PARADO EM FILA JUNTO A CANCELA/PORTEIRA 
595-93 ,ULTRAPASSAR PELA CONTRAMAO VEICULO PARADO EM FILA JUNTO A CRUZAMENTO 
595-94 ,ULTRAPASSAR PELA CONTRAMAO VEIC PARADO EM FILA JUNTO QQ IMPEDIMENTO A CIRCULACAO 
596-70 ,"ULTRAPASSAR PELA CONTRAMAO LINHA DE DIVISAO DE FLUXOS OPOSTOS, CONTINUA AMARELA "
597-50 ,"DEIXAR DE PARAR NO ACOSTAMENTO A DIREITA, P/ CRUZAR PISTA OU ENTRAR A ESQUERDA "
598-30 ,ULTRAPASSAR VEICULO EM MOVIMENTO QUE INTEGRE CORTEJO/DESFILE/FORMACAO MILITAR 
599-10 ,EXECUTAR OPERACAO DE RETORNO EM LOCAIS PROIBIDOS PELA SINALIZACAO 
600-91 ,EXECUTAR OPERACAO DE RETORNO NAS CURVAS 
600-92 ,EXECUTAR OPERACAO DE RETORNO NOS ACLIVES OU DECLIVES 
600-93 ,EXECUTAR OPERACAO DE RETORNO NAS PONTES 
600-94 ,EXECUTAR OPERACAO DE RETORNO NOS VIADUTOS 
600-95 ,EXECUTAR OPERACAO DE RETORNO NOS TUNEIS 
601-71 ,"EXECUTAR OPERACAO DE RETORNO PASSANDO POR CIMA DE CALCADA, PASSEIO "
601-72 ,"EXECUTAR OPERACAO DE RETORNO PASSANDO POR CIMA DE ILHA, REFUGIO "
601-73 ,EXECUTAR OPERACAO DE RETORNO PASSANDO POR CIMA DE AJARDINAMENTO 
601-74 ,EXECUTAR OPERACAO DE RETORNO PASSANDO POR CIMA DE CANTEIRO DIVISOR DE PISTA 
601-75 ,EXECUTAR OPERACAO DE RETORNO PASSANDO POR CIMA DE FAIXA DE PEDESTRES 
601-76 ,EXECUTAR OPERACAO DE RETORNO PASSANDO POR CIMA DE FAIXA DE VEIC NAO MOTORIZADOS 
602-50 ,"EXECUTAR RETORNO NAS INTERSECOES, ENTRANDO NA CONTRAMAO DA VIA TRANSVERSAL "
603-30 ,EXECUTAR RETORNO C/PREJUIZO DA CIRCULACAO/SEGURANCA AINDA QUE EM LOCAL PERMITIDO 
604-11 ,EXECUTAR OPERACAO DE CONVERSAO A DIREITA EM LOCAL PROIBIDO PELA SINALIZACAO 
604-12 ,EXECUTAR OPERACAO DE CONVERSAO A ESQUERDA EM LOCAL PROIBIDO PELA SINALIZACAO 
605-01 ,AVANCAR O SINAL VERMELHO DO SEMAFORO 
605-02 ,AVANCAR O SINAL DE PARADA OBRIGATORIA 
605-03 ,AVANCAR SINAL VERMELHO DO SEMAFORO - FISCALIZ. ELETRONICA 
606-81 ,TRANSPOR BLOQUEIO VIARIO COM OU SEM SINALIZACAO OU DISPOSITIVOS AUXILIARES 
606-82 ,DEIXAR DE ADENTRAR AS AREAS DESTINADAS A PESAGEM DE VEICULOS 
606-83 ,EVADIR-SE PARA NAO EFETUAR O PAGAMENTO DO PEDAGIO 
607-60 ,TRANSPOR BLOQUEIO VIARIO POLICIAL 
608-41 ,"ULTRAPASSAR VEICULOS MOTORIZADOS EM FILA, PARADOS EM RAZAO DE SINAL LUMINOSO "
608-42 ,"ULTRAPASSAR VEICULOS MOTORIZADOS EM FILA, PARADOS EM RAZAO DE CANCELA "
608-43 ,ULTRAPASSAR VEIC MOTORIZADOS EM FILA PARADOS EM RAZAO DE BLOQUEIO VIARIO PARCIAL 
608-44 ,"ULTRAPASSAR VEICULOS MOTORIZADOS EM FILA, PARADOS EM RAZAO DE QUALQUER OBSTACULO "
609-20 ,DEIXAR DE PARAR O VEICULO ANTES DE TRANSPOR LINHA FERREA 
610-60 ,DEIXAR DE PARAR SEMPRE QUE A MARCHA FOR INTERCEPTADA POR AGRUPAMENTO DE PESSOAS 
611-40 ,DEIXAR DE PARAR SEMPRE QUE A MARCHA FOR INTERCEPTADA POR AGRUPAMENTO DE VEICULOS 
612-20 ,DEIXAR DE DAR PREFERENCIA A PEDESTRE/VEIC N MOTORIZADO NA FAIXA A ELE DESTINADA 
613-00 ,DEIXAR DE DAR PREFERENCIA A PEDESTRE/VEIC N MOT QUE N HAJA CONCLUIDO A TRAVESSIA 
614-90 ,DEIXAR DE DAR PREFERENCIA A PEDESTRE PORT DEFICIENCIA FIS/CRIANCA/IDOSO/GESTANTE 
615-70 ,DEIXAR DE DAR PREFERENCIA A PEDESTRE/VEIC N MOT QDO INICIADA TRAVESSIA S/SINALIZ 
616-50 ,DEIXAR DE DAR PREFERENCIA A PEDESTRE/VEIC NAO MOT ATRAVESSANDO A VIA TRANSVERSAL 
617-31 ,"DEIXAR DE DAR PREFERENCIA EM INTERSECAO N SINALIZ, A VEIC CIRCULANDO POR RODOVIA "
617-32 ,"DEIXAR DE DAR PREFERENCIA EM INTERSECAO N SINALIZ, VEIC CIRCULANDO POR ROTATORIA "
617-33 ,"DEIXAR DE DAR PREFER EM INTERSECAO NAO SINALIZADA, A VEICULO QUE VIER DA DIREITA "
618-10 ,DEIXAR DE DAR PREFERENCIA NAS INTERSECOES COM SINALIZACAO DE DE A PREFERENCIA 
619-00 ,ENTRAR/SAIR AREA LINDEIRA SEM PRECAUCAO COM A SEGURANCA DE PEDESTRES E VEICULOS 
620-30 ,ENTRAR/SAIR DE FILA DE VEICULOS ESTACIONADOS SEM DAR PREF A PEDESTRES/VEICULOS 
*621-10 ,TRANSITAR EM VELOCIDADE SUPER MAX PERMITIDA EM ATE 20% - INFRACOES ATE 25.07.06 
*622-00 ,TRANSITAR EM VELOC SUPER A MAX PERMITIDA EM MAIS DE 20% - INFRACOES ATE 25.07.06 
*623-80 ,TRANSITAR EM VELOC SUPER A MAX PERMITIDA EM ATE DE 50% - INFRACOES ATE 25.07.06 
*624-60 ,TRANSITAR EM VELOC SUPER A MAX PERMITIDA EM MAIS DE 50% - INFRACOES ATE 25.07.06 
625-40 ,"TRANSITAR EM VELOCIDADE INFERIOR A METADE DA MAXIMA DA VIA, SALVO FAIXA DIREITA "
626-20 ,DEIXAR DE REDUZIR A VELOC QDO SE APROXIMAR DE PASSEATA/AGLOMERACAO/DESFILE/ETC 
627-00 ,DEIXAR DE REDUZIR A VELOC ONDE O TRANSITO ESTEJA SENDO CONTROLADO PELO AGENTE 
628-91 ,DEIXAR DE REDUZIR A VELOCIDADE DO VEICULO AO APROXIMAR-SE DA GUIA DA CALCADA 
628-92 ,DEIXAR DE REDUZIR A VELOCIDADE DO VEICULO AO APROXIMAR-SE DO ACOSTAMENTO 
629-70 ,DEIXAR DE REDUZIR VELOCIDADE DO VEICULO AO APROXIMAR-SE INTERSECAO N SINALIZADA 
630-00 ,DEIXAR REDUZIR VELOCIDADE NAS VIAS RURAIS CUJA FAIXA DOMINIO NAO ESTEJA CERCADA 
631-90 ,DEIXAR DE REDUZIR A VELOCIDADE NOS TRECHOS EM CURVA DE PEQUENO RAIO 
632-70 ,DEIXAR DE REDUZIR VELOC AO APROXIMAR LOCAL SINALIZ ADVERT DE OBRAS/TRABALHADORES 
633-50 ,DEIXAR DE REDUZIR A VELOCIDADE SOB CHUVA/NEBLINA/CERRACAO/VENTOS FORTES 
634-30 ,DEIXAR DE REDUZIR A VELOCIDADE QUANDO HOUVER MA VISIBILIDADE 
635-10 ,DEIXAR DE REDUZIR VELOC QDO PAVIMENTO SE APRESENTAR ESCORREG/DEFEITUOSO/AVARIADO 
636-00 ,DEIXAR DE REDUZIR A VELOCIDADE A APROXIMACAO DE ANIMAIS NA PISTA 
637-80 ,"DEIXAR DE REDUZIR A VELOCIDADE DE FORMA COMPATIVEL COM A SEGURANCA, EM DECLIVE "
638-60 ,DEIXAR DE REDUZIR VELOC DE FORMA COMPATIVEL C/ SEGURANCA AO ULTRAPASSAR CICLISTA 
639-41 ,DEIXAR DE REDUZIR A VELOCIDADE NAS PROXIMIDADES DE ESCOLAS 
639-42 ,DEIXAR DE REDUZIR A VELOCIDADE NAS PROXIMIDADES DE HOSPITAIS 
639-43 ,DEIXAR DE REDUZIR VELOC NA PROXIM ESTACAO EMBARQUE/DESEMBARQUE PASSAGEIROS 
639-44 ,DEIXAR DE REDUZIR VELOC ONDE HAJA INTENSA MOVIMENTACAO DE PEDESTRES 
640-80 ,PORTAR NO VEICULO PLACAS DE IDENTIFICACAO EM DESACORDO C/ ESPECIF/MODELO CONTRAN 
641-60 ,CONFEC/DISTRIBUIR/COLOCAR VEIC PROPRIO/TERCEIRO PLACA IDENTIF DESACORDO CONTRAN 
642-40 ,DEIXAR DE MANTER LIGADO EM EMERG SIST ILUM VERMELHA INTERMITENTE AINDA Q PARADO 
643-21 ,TRANSITAR COM FAROL DESREGULADO PERTURBANDO VISAO OUTRO CONDUTOR 
643-22 ,TRANSITAR COM O FACHO DE LUZ ALTA PERTURBANDO VISAO OUTRO CONDUTOR 
644-00 ,FAZER USO DO FACHO DE LUZ ALTA DOS FAROIS EM VIAS PROVIDAS DE ILUMINACAO PUBLICA 
645-91 ,DEIXAR DE SINALIZAR VIA P/ TORNAR VISIVEL LOCAL QDO TIVER REMOVER VEIC DA PISTA 
645-92 ,DEIXAR DE SINALIZAR A VIA P/ TORNAR VISIVEL O LOCAL QDO PERMANECER ACOSTAMENTO 
646-70 ,DEIXAR DE SINALIZAR A VIA P/ TORNAR VISIVEL O LOCAL QDO A CARGA FOR DERRAMADA 
647-50 ,DEIXAR DE RETIRAR QUALQUER OBJETO UTILIZADO PARA SINALIZACAO TEMPORARIA DA VIA 
648-30 ,USAR BUZINA QUE NAO A DE TOQUE BREVE COMO ADVERTENCIA A PEDESTRE OU CONDUTORES 
649-10 ,USAR BUZINA PROLONGADA E SUCESSIVAMENTE A QUALQUER PRETEXTO 
650-50 ,USAR BUZINA ENTRE AS VINTE E DUAS E AS SEIS HORAS 
651-30 ,USAR BUZINA EM LOCAIS E HORARIOS PROIBIDOS PELA SINALIZACAO 
652-10 ,USAR BUZINA EM DESACORDO C/ OS PADROES E FREQUENCIAS ESTABELECIDAS PELO CONTRAN 
653-00 ,USAR NO VEICULO EQUIP C/ SOM EM VOLUME/FREQUENCIA NAO AUTORIZADOS PELO CONTRAN 
654-81 ,"USAR NO VEIC ALARME Q PERTURBE O SOSSEGO PUBLICO, EM DESACORDO NORMAS DO CONTRAN "
654-82 ,USAR NO VEIC APARELHO PRODUZA SOM/RUIDO PERTURBE SOSSEGO PUBLIC DESAC C/ CONTRAN 
655-61 ,CONDUZIR O VEICULO COM O LACRE DE IDENTIFICACAO VIOLADO/FALSIFICADO 
655-62 ,CONDUZIR O VEICULO COM A INSCRICAO DO CHASSI VIOLADA/FALSIFICADA 
655-63 ,CONDUZIR O VEICULO COM O SELO VIOLADO/FALSIFICADO 
655-64 ,CONDUZIR O VEICULO COM A PLACA VIOLADA/FALSIFICADA 
655-65 ,CONDUZIR O VEICULO COM QUALQUER OUTRO ELEM DE IDENTIFICACAO VIOLADO/FALSIFICADO 
656-40 ,CONDUZIR O VEICULO TRANSPORTANDO PASSAGEIROS EM COMPARTIMENTO DE CARGA 
657-20 ,CONDUZIR O VEICULO COM DISPOSITIVO ANTI-RADAR 
658-00 ,CONDUZIR O VEICULO SEM QUALQUER UMA DAS PLACAS DE IDENTIFICACAO 
659-91 ,CONDUZIR O VEICULO QUE NAO ESTEJA REGISTRADO 
659-92 ,CONDUZIR O VEICULO REGISTRADO QUE NAO ESTEJA DEVIDAMENTE LICENCIADO 
660-20 ,CONDUZIR O VEICULO COM QUALQUER UMA DAS PLACAS SEM LEGIBILIDADE E VISIBILIDADE 
661-01 ,CONDUZIR O VEICULO COM A COR ALTERADA 
661-02 ,CONDUZIR O VEICULO COM CARACTERISTICA ALTERADA 
662-90 ,"CONDUZIR VEICULO S/ TER SIDO SUBMETIDO A INSPECAO SEG VEICULAR, QDO OBRIGATORIA "
663-71 ,CONDUZIR O VEICULO SEM EQUIPAMENTO OBRIGATORIO 
663-72 ,CONDUZIR O VEICULO COM EQUIPAMENTO OBRIGATORIO INEFICIENTE/INOPERANTE 
664-50 ,CONDUZIR O VEICULO COM EQUIP OBRIGATORIO EM DESACORDO COM O ESTAB PELO CONTRAN 
665-31 ,CONDUZIR O VEICULO COM DESCARGA LIVRE 
665-32 ,CONDUZIR O VEICULO COM SILENCIADOR DE MOTOR DEFEITUOSO/DEFICIENTE/INOPERANTE 
666-10 ,CONDUZIR O VEICULO COM EQUIPAMENTO OU ACESSORIO PROIBIDO 
667-00 ,CONDUZIR O VEICULO C/ EQUIP DO SISTEMA DE ILUMINACAO E DE SINALIZACAO ALTERADOS 
668-80 ,CONDUZIR VEIC C/ REGISTRADOR INSTAN INALT DE VELOCIDADE/TEMPO VICIADO/DEFEITUOSO 
669-61 ,CONDUZIR C/ INSCR/ADESIVO/LEGENDA/SIMBOLO AFIXADO PARA-BRISA E EXTENSAO TRASEIRA 
669-62 ,CONDUZIR C/ INSCR/ADESIVO/LEGENDA/SIMBOLO PINTADO PARA-BRISA E EXTENSAO TRASEIRA 
670-01 ,"CONDUZIR O VEICULO COM VIDROS TOTALMENTE COBERTOS POR PELICULA, PAINEIS/PINTURA "
670-02 ,"CONDUZIR O VEICULO C/ VIDROS PARCIALMENTE COBERTOS POR PELICULA, PAINEIS/PINTURA "
671-80 ,CONDUZIR O VEICULO COM CORTINAS OU PERSIANAS FECHADAS 
672-61 ,CONDUZIR O VEICULO EM MAU ESTADO DE CONSERVACAO 
672-62 ,CONDUZIR O VEICULO REPROVADO NA AVALIACAO DE INSPECAO DE SEGURANCA 
672-63 ,CONDUZIR O VEICULO REPROVADO NA AVALIACAO DE EMISSAO DE POLUENTES E RUIDO 
673-40 ,CONDUZIR O VEICULO SEM ACIONAR O LIMPADOR DE PARA-BRISA SOB CHUVA 
674-20 ,CONDUZIR O VEICULO SEM PORTAR A AUTORIZACAO PARA CONDUCAO DE ESCOLARES 
675-00 ,CONDUZIR O VEIC DE CARGA C/ FALTA INSCRICAO DA TARA E DEMAIS PREVISTAS NO CTB 
676-91 ,CONDUZIR O VEICULO COM DEFEITO NO SISTEMA DE ILUMINACAO 
676-92 ,CONDUZIR O VEICULO COM DEFEITO NO SISTEMA DE SINALIZACAO 
676-93 ,CONDUZIR O VEICULO COM LAMPADAS QUEIMADAS 
677-70 ,"TRANSITAR COM O VEICULO DANIFICANDO A VIA, SUAS INSTALACOES E EQUIPAMENTOS "
678-51 ,TRANSITAR COM VEICULO DERRAMANDO A CARGA QUE ESTEJA TRANSPORTANDO 
678-52 ,TRANSITAR COM VEICULO LANCANDO A CARGA QUE ESTEJA TRANSPORTANDO 
678-53 ,TRANSITAR COM VEICULO ARRASTANDO A CARGA QUE ESTEJA TRANSPORTANDO 
679-30 ,TRANSITAR COM VEIC DERRAMANDO/LANCANDO COMBUSTIVEL/LUBRIF QUE ESTEJA UTILIZANDO 
680-70 ,TRANSITAR C/ VEIC DERRAMANDO/LANCANDO/ARRASTANDO QQ OBJETO COM RISCO DE ACIDENTE 
681-50 ,"TRANSITAR COM VEICULO PRODUZINDO FUMACA, GASES OU PARTICULAS EM DESC C/ CONTRAN "
682-31 ,TRANSITAR C/ VEIC E/OU CARGA C/ DIMENSOES SUPERIORES LIMITE LEGAL S/ AUTORIZACAO 
682-32 ,TRANSITAR C/ VEIC E/OU CARGA C/ DIMENSOES SUPERIORES EST P/SINALIZACAO S/AUTORIZ 
683-10 ,TRANSITAR COM O VEICULO COM EXCESSO DE PESO 
684-01 ,TRANSITAR EM DESACORDO C/ AUTORIZACAO EXPEDIDA P/VEICULO C/ DIMENSOES EXCEDENTES 
684-02 ,"TRANSITAR COM AUTORIZACAO VENCIDA, EXPEDIDA P/ VEICULO C/ DIMENSOES EXCEDENTES "
685-80 ,TRANSITAR COM O VEICULO COM LOTACAO EXCEDENTE 
686-61 ,TRANSITAR EFETUANDO TRANSPORTE REMUNERADO DE PESSOAS QDO N LICENCIADO P/ESSE FIM 
686-62 ,TRANSITAR EFETUANDO TRANSPORTE REMUNERADO DE BENS QDO NAO LICENCIADO P/ ESSE FIM 
687-41 ,TRANSITAR COM O VEICULO DESLIGADO EM DECLIVE 
687-42 ,TRANSITAR COM O VEICULO DESENGRENADO EM DECLIVE 
688-20 ,TRANSITAR COM O VEICULO EXCEDENDO A CAPACIDADE MAXIMA DE TRACAO - MEDIA 
689-00 ,TRANSITAR COM O VEICULO EXCEDENDO A CAPACIDADE MAXIMA DE TRACAO - GRAVE 
690-40 ,TRANSITAR COM O VEICULO EXCEDENDO A CAPACIDADE MAXIMA DE TRACAO - GRAVISSIMA 
691-20 ,CONDUZIR VEICULO SEM OS DOCUMENTOS DE PORTE OBRIGATORIO REFERIDOS NO CTB 
692-00 ,DEIXAR DE EFETUAR REGISTRO DE VEICULO NO PRAZO DE TRINTA DIAS 
693-91 ,FALSIFICAR DOCUMENTO DE HABILITACAO 
693-92 ,ADULTERAR DOCUMENTO DE HABILITACAO 
693-93 ,FALSIFICAR DOCUMENTO DE IDENTIFICACAO DO VEICULO 
693-94 ,ADULTERAR DOCUMENTO DE IDENTIFICACAO DO VEICULO 
694-71 ,CONDUZIR PESSOAS NAS PARTES EXTERNAS DO VEICULO 
694-72 ,CONDUZIR ANIMAIS NAS PARTES EXTERNAS DO VEICULO 
694-73 ,CONDUZIR CARGA NAS PARTES EXTERNAS DO VEICULO 
695-50 ,REBOCAR OUTRO VEICULO COM CABO FLEXIVEL OU CORDA 
696-31 ,TRANSITAR C/ VEIC EM DESACORDO C/ ESPECIFICACOES NECESSARIAS A SUA IDENTIFICACAO 
696-32 ,TRANSITAR COM VEICULO COM FALTA DE INSCRICAO NECESSARIA A SUA IDENTIFICACAO 
696-33 ,TRANSITAR COM VEICULO COM FALTA DE SIMBOLOGIA NECESSARIA A SUA IDENTIFICACAO 
697-10 ,RECUSAR-SE A ENTREGAR CNH/CRV/CRLV/ OUTROS DOCUMENTOS 
698-00 ,"RETIRAR DO LOCAL VEICULO LEGALMENTE RETIDO PARA REGULARIZACAO, SEM PERMISSAO "
699-80 ,DEIXAR RESPONSAVEL DE PROMOVER BAIXA REGISTRO DE VEIC IRRECUPERAVEL/DESMONTADO 
700-51 ,DEIXAR DE ATUALIZAR O CADASTRO DE REGISTRO DO VEICULO 
700-52 ,DEIXAR DE ATUALIZAR O CADASTRO DE HABILITACAO DO CONDUTOR 
701-31 ,FAZER FALSA DECLARACAO DE DOMICILIO PARA FINS DE REGISTRO/LICENCIAMENTO 
701-32 ,FAZER FALSA DECLARACAO DE DOMICILIO PARA FINS DE HABILITACAO 
702-10 ,DEIXAR SEGURADORA DE COMUNICAR OCORRENCIA PERDA TOTAL VEIC E DEVOLVER PLACAS/DOC 
703-01 ,"CONDUZIR MOTOCICLETA, MOTONETA E CICLOMOTOR SEM CAPACETE DE SEGURANCA "
703-02 ,CONDUZIR MOTOCICLETA/MOTONETA/CICLOMOTOR C/ CAPACETE S/ VISEIRA/OCULOS PROTECAO 
703-03 ,"CONDUZIR MOTOCICLETA, MOTONETA E CICLOMOTOR SEM VESTUARIO APROVADO PELO CONTRAN "
704-81 ,"CONDUZIR MOTOCICLETA, MOTONETA E CICLOMOTOR TRANSPORTANDO PASSAGEIRO S/ CAPACETE "
704-82 ,CONDUZIR MOTOCICLETA/MOTONETA/CICLOMOTOR TRANSP. PASSAG S/ VISEIRA/OCULOS PROTEC 
704-83 ,CONDUZIR MOTOCILCETA/MOTONETA/CICLOMOTOR TRANSPORANDO PAS. FORA DO ASSENTO 
705-61 ,CONDUZIR MOTOC/MOTON/CICLOMOTOR FAZENDO MALABARISMO/EQUILIBRANDO-SE EM UMA RODA 
705-62 ,CONDUZIR CICLO FAZENDO MALABARISMO OU EQUILIBRANDO-SE EM UMA RODA 
706-40 ,"CONDUZIR MOTOCICLETA, MOTONETA E CICLOMOTOR COM OS FAROIS APAGADOS "
707-21 ,CONDUZIR MOTOCICLETA/MOTONETA/CICLOMOTOR TRANSPORTANDO CRIANCA MENOR DE 7 ANOS 
707-22 ,CONDUZIR MOTOC/MOTON/CICLOM TRANSP CRIANCA S/ CONDICAO CUIDAR PROPRIA SEGURANCA 
708-00 ,"CONDUZIR MOTOCICLETA, MOTONETA E CICLOMOTOR REBOCANDO OUTRO VEICULO "
709-91 ,CONDUZIR MOTOCICLETA/MOTONETA/CICLOMOTOR SEM SEGURAR O GUIDOM COM AMBAS AS MAOS 
709-92 ,CONDUZIR CICLO SEM SEGURAR O GUIDOM COM AMBAS AS MAOS 
710-21 ,"CONDUZIR MOTOCICLETA, MOTONETA E CICLOMOTOR TRANSPORTANDO CARGA INCOMPATIVEL "
710-22 ,CONDUZIR CICLO TRANSPORTANDO CARGA INCOMPATIVEL 
710-23 ,CONDUZIR MOTOC/MOTON TRANSPORTANDO CARGA EM DESACORDO C/ PAR 2 DO ART 139-A 
711-00 ,CONDUZIR CICLO TRANSPORTANDO PASSAGEIRO FORA DA GARUPA/ASSENTO A ELE DESTINADO 
712-91 ,CONDUZIR CICLO EM VIA DE TRANSITO RAPIDO/RODOVIA SEM ACOSTAMENTO/FAIXA PROPRIA 
712-92 ,CONDUZIR CICLOMOTOR VIA DE TRANSITO RAPIDO/RODOVIA S/ ACOSTAMENTO/FAIXA PROPRIA 
713-70 ,CONDUZIR CICLO TRANSPORTANDO CRIANCA S/ CONDICAO DE CUIDAR PROPRIA SEGURANCA 
714-50 ,"UTILIZAR A VIA PARA DEPOSITO DE MERCADORIAS, MATERIAIS OU EQUIPAMENTOS "
715-31 ,DEIXAR DE SINALIZAR OBSTACULO A CIRCULACAO/SEGURANCA CALCADA/PISTA-S/AGRAVAMENTO 
715-32 ,OBSTACULIZAR A VIA INDEVIDAMENTE-S/AGRAVAMENTO 
716-01 ,DEIXAR DE SINALIZAR OBSTACULO CIRCULACAO/SEGURANCA CALCADA/PISTA-AGRAVAMENTO 2X 
716-02 ,OBSTACULIZAR A VIA INDEVIDAMENTE-AGRAVAMENTO 2X 
717-01 ,DEIXAR DE SINALIZAR OBSTACULO CIRCULACAO/SEGURANCA CALCADA/PISTA-AGRAVAMENTO 3X 
717-02 ,OBSTACULIZAR A VIA INDEVIDAMENTE-AGRAVAMENTO 3X 
718-81 ,DEIXAR DE SINALIZAR OBSTACULO CIRCULACAO/SEGURANCA CALCADA/PISTA-AGRAVAMENTO 4X 
718-82 ,OBSTACULIZAR A VIA INDEVIDAMENTE-AGRAVAMENTO 4X 
719-61 ,DEIXAR DE SINALIZAR OBSTACULO CIRCULACAO/SEGURANCA CALCADA/PISTA-AGRAVAMENTO 5X 
719-62 ,OBSTACULIZAR A VIA INDEVIDAMENTE-AGRAVAMENTO 5X 
720-01 ,DEIXAR DE CONDUZIR PELO BORDO PISTA EM FILA UNICA VEIC TRACAO/PROPULSAO HUMANA 
720-02 ,DEIXAR DE CONDUZIR PELO BORDO DA PISTA EM FILA UNICA VEICULO DE TRACAO ANIMAL 
721-80 ,TRANSPORTAR EM VEIC DESTINADO TRANSP PASSAGEIROS CARGA EXCEDENTE DESAC ART.109 
722-61 ,DEIXAR DE MANTER ACESAS A NOITE AS LUZES POSICAO QDO O VEICULO ESTIVER PARADO 
722-62 ,DEIXAR DE MANTER ACESAS A NOITE AS LUZES DE POSICAO VEIC FAZENDO CARGA/DESCARGA 
723-40 ,"EM MOVIMENTO, DEIXAR DE MANTER ACESA A LUZ BAIXA DURANTE A NOITE "
724-20 ,"EM MOVIMENTO DE DIA, DEIXAR DE MANTER ACESA LUZ BAIXA TUNEL COM ILUMINACAO PUBL "
725-00 ,"EM MOV, DEIXAR DE MANTER ACESA LUZ BAIXA VEIC TRANSP COLETIVO FAIXA/PISTA EXCL "
726-90 ,"EM MOVIMENTO, DEIXAR DE MANTER ACESA LUZ BAIXA DO CICLOMOTOR "
727-70 ,EM MOV DEIXAR DE MANTER ACESAS LUZES DE POSICAO SOB CHUVA FORTE/NEBLINA/CERRACAO 
728-50 ,"EM MOVIMENTO, DEIXAR DE MANTER A PLACA TRASEIRA ILUMINADA A NOITE "
729-30 ,"UTILIZAR O PISCA-ALERTA, EXCETO EM IMOBILIZACOES OU SITUACOES DE EMERGENCIA "
730-70 ,"UTILIZAR LUZ ALTA E BAIXA INTERMITENTE, EXCETO QUANDO PERMITIDO PELO CTB "
731-50 ,DIRIGIR O VEICULO COM O BRACO DO LADO DE FORA 
732-31 ,DIRIGIR O VEICULO TRANSPORT PESSOAS A SUA ESQUERDA OU ENTRE OS BRACOS E PERNAS 
732-32 ,DIRIGIR O VEICULO TRANSPORT ANIMAIS A SUA ESQUERDA OU ENTRE OS BRACOS E PERNAS 
732-33 ,DIRIGIR O VEICULO TRANSPORT VOLUME A SUA ESQUERDA OU ENTRE OS BRACOS E PERNAS 
733-10 ,DIRIGIR O VEICULO COM INCAPACIDADE FISICA OU MENTAL TEMPORARIA 
734-00 ,DIRIGIR O VEIC USANDO CALCADO QUE N SE FIRME NOS PES/COMPROMETA UTILIZ PEDAIS 
735-80 ,"DIRIGIR O VEICULO COM APENAS UMA DAS MAOS, EXCETO QUANDO PERMITIDO PELO CTB "
736-61 ,DIRIGIR O VEICULO UTILIZANDO-SE DE FONES NOS OUVIDOS CONEC A APARELHAGEM SONORA 
736-62 ,DIRIGIR VEICULO UTILIZANDO-SE DE TELEFONE CELULAR 
737-40 ,BLOQUEAR A VIA COM VEICULO 
738-20 ,"E PROIB AO PEDESTRE PERMANECER/ANDAR PISTA, EXCETO P/ CRUZA-LAS ONDE PERMITIDO "
739-01 ,E PROIBIDO AO PEDESTRE CRUZAR PISTA DE ROLAMENTO DE VIADUTO EXC ONDE PERMITIDO 
739-02 ,E PROIBIDO AO PEDESTRE CRUZAR PISTA DE ROLAMENTO DE PONTE EXCETO ONDE PERMITIDO 
739-03 ,E PROIBIDO AO PEDESTRE CRUZAR PISTA DE ROLAMENTO DE TUNEIS EXCETO ONDE PERMITIDO 
740-40 ,E PROIB AO PEDESTRE ATRAVESSAR VIA AREA CRUZAMENTO EXC ONDE PERMITIDO P/ SINALIZ 
741-20 ,E PROIB PEDESTRE UTILIZAR VIA EM AGRUPAM QUE PERTURBE TRANS/PRAT ESPORTE/DESFILE 
742-01 ,E PROIBIDO AO PEDESTRE ANDAR FORA DA FAIXA PROPRIA 
742-02 ,E PROIBIDO AO PEDESTRE ANDAR FORA DA PASSARELA 
742-03 ,E PROIBIDO AO PEDESTRE ANDAR FORA DA PASSAGEM AEREA 
742-04 ,E PROIBIDO AO PEDESTRE ANDAR FORA DA PASSAGEM SUBTERRANEA 
743-90 ,E PROIBIDO AO PEDESTRE DESOBEDECER A SINALIZACAO DE TRANSITO ESPECIFICA 
744-71 ,CONDUZIR BICICLETA EM PASSEIOS ONDE NAO SEJA PERMITIDA A CIRCULACAO DESTA 
744-72 ,CONDUZIR BICICLETA DE FORMA AGRESSIVA 
745-50 ,TRANSITAR VELOC SUP MAX PERMITIDA EM ATE 20% 
746-30 ,TRANSITAR VELOC SUP MAX PERMITIDA EM MAIS DE 20% ATE 50% 
747-10 ,TRANSITAR VELOC SUP MAX PERMITIDA EM MAIS DE 50% 
748-01 ,APROVAR PROJ EDIFICACAO POLO ATRATIVO TRANSITO S/ ANUENCIA ORGAO/ENTID TRANSITO 
748-02 ,APROVAR PROJ EDIFICACAO POLO ATRATIVO TRANS S/ ESTACION/INDICACAO VIAS DE ACESSO 
749-80 ,NAO SINALIZAR DEVIDA/IMED OBSTACULO CIRCUL/SEGURANCA VEIC/PEDESTRE PISTA/CALCADA 
750-10 ,UTILIZAR ONDULACAO TRANSVERSAL/SONORIZADOR FORA PADRAO/CRITERIO ESTAB P/ CONTRAN 
751-01 ,INICIAR OBRA PERTURBE/INTERROMPA CIRCULACAO/SEGURANCA VEIC/PEDESTRES S/PERMISSAO 
751-02 ,INICIAR EVENTO PERTURBE/INTERROMPA CIRCULAC/SEGURANCA VEIC/PEDESTRES S/PERMISSAO 
752-81 ,NAO SINALIZAR A EXECUCAO OU MANUTENCAO DA OBRA 
752-82 ,NAO SINALIZAR A EXECUCAO OU MANUTENCAO DO EVENTO 
753-60 ,NAO AVISAR COMUNIDADE C/ 48H ANTEC INTERDICAO VIA INDICANDO CAMINHO ALTERNATIVO 
754-41 ,FALTA DE ESCRITURACAO LIVRO REGISTRO ENTRADA/SAIDA E DE USO PLACA DE EXPERIENCIA 
754-42 ,ATRASO ESCRITURACAO LIVRO REGISTRO ENTRADA/SAIDA E DE USO PLACA DE EXPERIENCIA 
754-43 ,FRAUDE ESCRITURACAO LIVRO REGISTRO ENTRADA/SAIDA E DE USO PLACA DE EXPERIENCIA 
754-44 ,RECUSA DA EXIBICAO DO LIVRO REGISTRO ENTRADA/SAIDA E DE USO PLACA DE EXPERIENCIA 
755-21 ,CONDUZIR MOTOC/MOTON/ EFETUANDO TRANSP REMUN MERCADORIA DESAC C/ ART 139-A C 
755-22 ,CONDUZIR MOTOC/MOTON/ EFET TRANSP REMUN DESAC NORMAS ATIVID PROFIC MOTOTAXIS 
901-60 ,TRANSPORTAR PRODUTO CUJO DESLOC. RODOV. SEJA PROIBIDO PELO MINISTERIO DO TRANSP. 
902-40 ,TRANSPORTAR PRODUTO PERIGOSO A GRANEL QUE NAO CONSTE DO CERTIFIC. DE CAPACITACAO 
903-20 ,TRANSPORTAR PRODUTO PERIGOSO A GRANEL DESPROV. DE CERTIFICADO DE CAPACIT. VALIDO 
904-01 ,"TRANSPORTAR JUNTO C/ PRODUTO PERIGOSO, PESSOAS/EMBALAGENS DESTIN. A ESTES BENS "
904-02 ,"TRANSPORTAR JUNTO C/ PRODUTO PERIGOSO, ANIMAIS/EMBALAGENS DESTIN. A ESTES BENS "
904-03 ,"TRANSPORTAR JUNTO C/ PRODUTO PERIGOSO, ALIMENTOS DEST. AO CONSUMO HUMANO/ANIMAL "
904-04 ,"TRANSPORTAR JUNTO C/ PRODUTO PERIGOSO, MEDICAM. DEST. AO CONSUMO HUMANO/ANIMAL "
905-90 ,"TRANSPORTAR PRODUTOS INCOMPATIVEIS ENTRE SI, APESAR DE ADVERTIDO PELO EXPEDIDOR "
906-71 ,NAO DAR MANUTENCAO AO VEICULO 
906-72 ,NAO DAR MANUTENCAO AO EQUIPAMENTO 
907-51 ,ESTACIONAR COM INOBSERVANCIA AO ARTIGO 14 
907-52 ,PARAR COM INOBSERVANCIA AO ARTIGO 14 
908-30 ,TRANSPORTAR PRODUTOS CUJAS AS EMBALAGENS SE ENCONTREM EM MAS CONDICOES 
909-11 ,NAO ADOTAR EM ACIDENTE PROVIDENCIAS CONSTANTES DA FICHA DE EMERGENCIA/ENVELOPE 
909-12 ,NAO ADOTAR EM AVARIA AS PROVIDENCIAS CONSTANTES DA FICHA DE EMERGENCIA/ENVELOPE 
910-51 ,TRANSPORTAR PRODUTO A GRANEL SEM UTILIZAR O TACOGRAFO 
910-52 ,TRANSPORTAR PRODUTO A GRANEL E NAO APRESENTAR DISCO A AUTORIDADE COMPETENTE 
911-30 ,TRANSPORTAR CARGA MAL ESTIVADA 
912-11 ,TRANSPORTAR PRODUTO PERIGOSO EM VEICULO DESPROVIDO DE EQUIPAMENTO P/ EMERGENCIA 
912-12 ,TRANSPORTAR PRODUTO PERIGOSO EM VEICULO DESPROVIDO DE EQUIP. DE PROTECAO INDIV. 
913-00 ,TRANSPORTAR PROD. PERIG. DESACOMP. DE CERTIFIC. DE CAPAC. P/ TRANSPORTE A GRANEL 
914-80 ,TRANSPORTAR PROD. PERIG. DESACOMP. DE DECLARACAO DE RESPONSABILIDADE DO EXPEDID. 
915-61 ,TRANSPORTAR PRODUTO PERIGOSO DESACOMPANHADO DE FICHA DE EMERGENCIA 
915-62 ,TRANSPORTAR PRODUTO PERIGOSO DESACOMPANHADO DE ENVELOPE PARA O TRANSPORTE 
916-41 ,TRANSPORTAR PRODUTO PERIGOSO S/ UTILIZAR NAS EMBALAGENS ROTULOS E PAINEIS 
916-42 ,TRANSPORTAR PRODUTO PERIGOSO S/ UTILIZAR NO VEICULO ROTULOS E PAINEIS DE SEGUR. 
917-20 ,CIRCULAR S/ PERMISSAO EM VIAS PUBLICAS TRANSPORTANDO PRODUTO PERIGOSO 
918-01 ,NAO DAR IMEDIATA CIENCIA DA IMOBILIZACAO DO VEICULO EM CASO DE EMERGENCIA 
918-02 ,NAO DAR IMEDIATA CIENCIA DA IMOBILIZACAO DO VEICULO EM CASO DE ACIDENTE 
918-03 ,NAO DAR IMEDIATA CIENCIA DA IMOBILIZACAO DO VEICULO EM CASO DE AVARIA 
919-90 ,EMBARCAR NO VEICULO PRODUTOS INCOMPATIVEIS ENTRE SI 
920-21 ,EMBARCAR PRODUTO PERIGOSO NAO CTE. DO CERTIFICADO DE CAPACITACAO DO VEICULO 
920-22 ,EMBARCAR PRODUTO PERIGOSO NAO CTE. DO CERTIFICADO DE CAPACITACAO DO EQUIPAMENTO 
921-00 ,"NAO LANCAR NO DOCUMENTO FISCAL, AS INFORMACOES DE QUE TRATA O ITEM II DO ART. 22 "
922-91 ,EXPEDIR PRODUTO PERIGOSO MAL ACONDICIONADO 
922-92 ,EXPEDIR PRODUTO PERIGOSO COM A EMBALAGEM EM MAS CONDICOES 
923-70 ,NAO COMPARECER AO LOCAL DO ACIDENTE QUANDO EXPRES. CONVOCADO PELA AUTORID. COMP. 
924-51 ,EMBARCAR PRODUTO PERIGOSO EM VEICULO QUE NAO DISPONHA DE EQUIPAM. DE EMERGENCIA 
924-52 ,EMBARCAR PRODUTO PERIGOSO EM VEICULO QUE NAO DISPONHA DE EQUIPAM. DE PROT. IND. 
925-31 ,NAO FORNECER AO TRANSPORT A FICHA DE EMERGENCIA 
925-32 ,NAO FORNECER AO TRANSPORT O ENVELOPE PARA O TRANSPORTE 
926-10 ,EMBARCAR PRODUTO PERIGOSO EM VEIC. QUE NAO ESTEJA UTILIZANDO ROTULOS E PAINEIS 
927-00 ,EXPEDIR CARGA FRACIONADA C/ EMBALAGEM EXTERNA DESPROVIDA DOS ROTULOS DE RISCO 
928-80 ,EMBARCAR PRODUTO PERIGOSO EM VEICULO OU EQUIPAMENTO S/ CONDICOES DE MANUTENCAO 
929-61 ,NAO PRESTAR OS NECESSARIOS ESCLARECIMENTOS TECNICOS EM SITUACAO DE EMERGENCIA 
929-62 ,NAO PRESTAR OS NECESSARIOS ESCLARECIMENTOS TECNICOS EM SITUACAO DE ACIDENTE 
